<?xml version="1.0" encoding="UTF-8"?>
    <addon id="repository.pipcan" name="Pipcan Repo" version="0.1.0" provider-name="Pipcan">
        <requires>
            <import addon="xbmc.addon" version="12.0.0"/>
        </requires>
        <extension point="xbmc.addon.repository" name="Pipcan Repo">
            <info compressed="false">https://raw.githubusercontent.com/pipcan3/Pipcan-Repo/master/_repo/addons.xml</info>
            <checksum>https://raw.githubusercontent.com/pipcan3/Pipcan-Repo/master/_repo/addons.xml.md5</checksum>
            <datadir zip="true">https://raw.githubusercontent.com/pipcan3/Pipcan-Repo/master/_repo/</datadir>
            <hashes>false</hashes>
        </extension>
        <extension point="xbmc.addon.metadata">
            <summary>Tutorial Scripts</summary>
            <description>All Pipcan's XBMC KODI Tutorial Scripts.</description>
            <platform>all</platform>
    </extension>
</addon>