<?xml version="1.0" encoding="UTF-8" standalone="yes"?>
<addon id="plugin.video.easychannels" name="EasyChannels" version="1.6" provider-name="pipcan">
  <requires>
    <import addon="xbmc.python" version="2.1.0" />
  </requires>
  <extension point="xbmc.python.pluginsource"
            library="default.py">
        <provides>video</provides>
  </extension>
  <extension point="xbmc.addon.metadata">
    <platform>all</platform>
    <summary>Donate</summary>
    <description>a</description>
	<description>aa.</description>
  </extension>
</addon>
